sample_id,predicted_probability,predicted_label,feature_rule,weight
0,0.18239319605095827,0,wealth_quintile > 3.00,-0.1346961150112422
0,0.18239319605095827,0,0.00 < mother_years_education <= 6.00,-0.10627689971736733
0,0.18239319605095827,0,child_age_months <= 41.00,-0.09529896985249348
0,0.18239319605095827,0,0.00 < child_sex <= 1.00,0.041082899076717805
0,0.18239319605095827,0,0.00 < mother_currently_working <= 1.00,-0.03602023060758594
0,0.18239319605095827,0,mother_education_level > 2.00,-0.028255153719928955
0,0.18239319605095827,0,toilet_facility > 11.00,-0.025728202575471776
0,0.18239319605095827,0,marital_status <= 2.00,-0.023377094968901887
0,0.18239319605095827,0,23.00 < county <= 36.00,-0.019010489914236463
0,0.18239319605095827,0,has_electricity <= 0.00,0.01617576840891544
1,0.3831017319771943,0,47.00 < child_age_months <= 53.00,0.09222289899466105
1,0.3831017319771943,0,2.00 < wealth_quintile <= 3.00,-0.082805642598072
1,0.3831017319771943,0,child_sex <= 0.00,-0.0418606585227417
1,0.3831017319771943,0,household_members > 7.00,0.03502929703239627
1,0.3831017319771943,0,0.00 < mother_currently_working <= 1.00,-0.03370819354418097
1,0.3831017319771943,0,23.00 < county <= 36.00,-0.024539102824263057
1,0.3831017319771943,0,0.00 < has_electricity <= 1.00,-0.022492442155136835
1,0.3831017319771943,0,5.00 < drinking_water_source <= 8.00,-0.019989293285053587
1,0.3831017319771943,0,6.00 < cooking_fuel <= 10.00,0.018422264009691346
1,0.3831017319771943,0,1.00 < mother_education_level <= 2.00,0.01664160018134717
2,0.42058758098798205,1,2.00 < wealth_quintile <= 3.00,-0.10300420986927479
2,0.42058758098798205,1,mother_years_education > 17.00,-0.057910746944973716
2,0.42058758098798205,1,child_sex <= 0.00,-0.04284836122600051
2,0.42058758098798205,1,0.00 < mother_currently_working <= 1.00,-0.03168499414023114
2,0.42058758098798205,1,0.00 < has_electricity <= 1.00,-0.028675510834841964
2,0.42058758098798205,1,household_members <= 4.00,-0.028008801633774272
2,0.42058758098798205,1,5.00 < drinking_water_source <= 8.00,-0.022585570385040894
2,0.42058758098798205,1,6.00 < cooking_fuel <= 10.00,0.020254200787165895
2,0.42058758098798205,1,8.00 < toilet_facility <= 10.00,-0.01794605231056275
2,0.42058758098798205,1,1.00 < mother_education_level <= 2.00,0.01651214105369714
3,0.7186978141325516,1,mother_years_education <= 0.00,0.1654833515151433
3,0.7186978141325516,1,47.00 < child_age_months <= 53.00,0.09302637890221069
3,0.7186978141325516,1,1.00 < wealth_quintile <= 2.00,0.07971292923273171
3,0.7186978141325516,1,0.00 < child_sex <= 1.00,0.046319231584278996
3,0.7186978141325516,1,mother_currently_working <= 0.00,0.0363956842535005
3,0.7186978141325516,1,has_electricity <= 0.00,0.022242924999534456
3,0.7186978141325516,1,6.00 < cooking_fuel <= 10.00,0.01838203315641589
3,0.7186978141325516,1,5.00 < drinking_water_source <= 8.00,-0.015290392517109902
3,0.7186978141325516,1,8.00 < toilet_facility <= 10.00,-0.013237600212067305
3,0.7186978141325516,1,11.00 < county <= 23.00,0.00677739948403991
4,0.8466284598364496,1,mother_years_education <= 0.00,0.17327829145589854
4,0.8466284598364496,1,1.00 < wealth_quintile <= 2.00,0.0785493079387947
4,0.8466284598364496,1,child_sex <= 0.00,-0.048471854173213105
4,0.8466284598364496,1,mother_currently_working <= 0.00,0.033250387511553244
4,0.8466284598364496,1,toilet_facility <= 8.00,0.02959588464093539
4,0.8466284598364496,1,23.00 < county <= 36.00,-0.021897786852069435
4,0.8466284598364496,1,6.00 < cooking_fuel <= 10.00,0.01910253527785923
4,0.8466284598364496,1,5.00 < drinking_water_source <= 8.00,-0.018749921581497582
4,0.8466284598364496,1,has_electricity <= 0.00,0.018728994009427735
4,0.8466284598364496,1,41.00 < child_age_months <= 47.00,0.018310299858140207
5,0.40835236460746865,1,2.00 < wealth_quintile <= 3.00,-0.08887561331702849
5,0.40835236460746865,1,47.00 < child_age_months <= 53.00,0.08796788186375276
5,0.40835236460746865,1,0.00 < child_sex <= 1.00,0.041207036253189104
5,0.40835236460746865,1,0.00 < mother_currently_working <= 1.00,-0.033040832250888746
5,0.40835236460746865,1,0.00 < has_electricity <= 1.00,-0.017849821880497403
5,0.40835236460746865,1,6.00 < mother_years_education <= 17.00,-0.015353812095510892
5,0.40835236460746865,1,1.00 < mother_education_level <= 2.00,0.013832584378494234
5,0.40835236460746865,1,30.00 < mother_age <= 35.00,0.013284863944425037
5,0.40835236460746865,1,8.00 < toilet_facility <= 10.00,-0.012681894500579613
5,0.40835236460746865,1,marital_status <= 2.00,-0.011823509563896134
6,0.38007714849220253,0,child_age_months <= 41.00,-0.10130310206929113
6,0.38007714849220253,0,mother_years_education > 17.00,-0.053625194067849505
6,0.38007714849220253,0,0.00 < child_sex <= 1.00,0.04382885858709214
6,0.38007714849220253,0,wealth_quintile <= 1.00,0.03870650376276172
6,0.38007714849220253,0,mother_currently_working <= 0.00,0.03825107111369448
6,0.38007714849220253,0,county > 36.00,0.026222886454317522
6,0.38007714849220253,0,6.00 < cooking_fuel <= 10.00,0.02552308459596625
6,0.38007714849220253,0,toilet_facility <= 8.00,0.024090838817059437
6,0.38007714849220253,0,has_electricity <= 0.00,0.01919674788721587
6,0.38007714849220253,0,household_members <= 4.00,-0.015032106520088557
7,0.3033627652325632,0,0.00 < mother_years_education <= 6.00,-0.11110133253094524
7,0.3033627652325632,0,child_age_months <= 41.00,-0.10077847303579353
7,0.3033627652325632,0,2.00 < wealth_quintile <= 3.00,-0.0886618241478709
7,0.3033627652325632,0,child_sex <= 0.00,-0.04380895455788386
7,0.3033627652325632,0,mother_currently_working <= 0.00,0.03752905986524817
7,0.3033627652325632,0,mother_education_level > 2.00,-0.024326304647433395
7,0.3033627652325632,0,0.00 < has_electricity <= 1.00,-0.02300635240001545
7,0.3033627652325632,0,8.00 < toilet_facility <= 10.00,-0.020169869763132686
7,0.3033627652325632,0,drinking_water_source <= 5.00,-0.017054136073048745
7,0.3033627652325632,0,marital_status <= 2.00,-0.010276439191088576
8,0.8430278598177571,1,mother_years_education <= 0.00,0.17308226995751705
8,0.8430278598177571,1,1.00 < wealth_quintile <= 2.00,0.07409136608834631
8,0.8430278598177571,1,child_sex <= 0.00,-0.04614964228059673
8,0.8430278598177571,1,mother_currently_working <= 0.00,0.03972052187682659
8,0.8430278598177571,1,toilet_facility <= 8.00,0.0286254982914115
8,0.8430278598177571,1,county > 36.00,0.02689705141644548
8,0.8430278598177571,1,has_electricity <= 0.00,0.02110926609779237
8,0.8430278598177571,1,41.00 < child_age_months <= 47.00,0.019513769480087043
8,0.8430278598177571,1,marital_status <= 2.00,-0.016680032415700496
8,0.8430278598177571,1,6.00 < cooking_fuel <= 10.00,0.010378559411627524
9,0.4431791901141171,1,mother_years_education <= 0.00,0.17163077982641026
9,0.4431791901141171,1,child_age_months <= 41.00,-0.09678891825671534
9,0.4431791901141171,1,2.00 < wealth_quintile <= 3.00,-0.09567867139190026
9,0.4431791901141171,1,0.00 < child_sex <= 1.00,0.04258389092820494
9,0.4431791901141171,1,mother_currently_working <= 0.00,0.0367035915706132
9,0.4431791901141171,1,household_members > 7.00,0.030080910263664277
9,0.4431791901141171,1,county > 36.00,0.023941872073577453
9,0.4431791901141171,1,6.00 < cooking_fuel <= 10.00,0.020591861141748494
9,0.4431791901141171,1,drinking_water_source <= 5.00,-0.018788218142458443
9,0.4431791901141171,1,8.00 < toilet_facility <= 10.00,-0.017974243658336567
10,0.794717072049456,1,mother_years_education <= 0.00,0.17335390174523485
10,0.794717072049456,1,child_age_months <= 41.00,-0.1005886328353567
10,0.794717072049456,1,1.00 < wealth_quintile <= 2.00,0.07656079163636949
10,0.794717072049456,1,child_sex <= 0.00,-0.04441676482065237
10,0.794717072049456,1,toilet_facility <= 8.00,0.035792128033099564
10,0.794717072049456,1,0.00 < mother_currently_working <= 1.00,-0.029859921149415176
10,0.794717072049456,1,has_electricity <= 0.00,0.022961456267948988
10,0.794717072049456,1,6.00 < cooking_fuel <= 10.00,0.020648338231050486
10,0.794717072049456,1,county > 36.00,0.017758494972593172
10,0.794717072049456,1,30.00 < mother_age <= 35.00,0.00895404498365147
11,0.4009117747904161,1,0.00 < mother_years_education <= 6.00,-0.11200222743177327
11,0.4009117747904161,1,47.00 < child_age_months <= 53.00,0.08924883485403177
11,0.4009117747904161,1,1.00 < wealth_quintile <= 2.00,0.08210008519534993
11,0.4009117747904161,1,child_sex <= 0.00,-0.046406119043836215
11,0.4009117747904161,1,0.00 < mother_currently_working <= 1.00,-0.036563691349164616
11,0.4009117747904161,1,23.00 < county <= 36.00,-0.023054612837673592
11,0.4009117747904161,1,mother_education_level > 2.00,-0.0227000610043871
11,0.4009117747904161,1,household_members <= 4.00,-0.022005759350123028
11,0.4009117747904161,1,6.00 < cooking_fuel <= 10.00,0.021072445807218516
11,0.4009117747904161,1,marital_status <= 2.00,-0.014947491851190967
12,0.4960237552826059,1,child_age_months <= 41.00,-0.09741713587447719
12,0.4960237552826059,1,1.00 < wealth_quintile <= 2.00,0.08245938195075374
12,0.4960237552826059,1,0.00 < child_sex <= 1.00,0.049094570479957446
12,0.4960237552826059,1,mother_currently_working <= 0.00,0.040214293558038315
12,0.4960237552826059,1,household_members <= 4.00,-0.026044397553430864
12,0.4960237552826059,1,has_electricity <= 0.00,0.024663161877198927
12,0.4960237552826059,1,4.00 < religion <= 8.00,-0.016436480787573694
12,0.4960237552826059,1,mother_age <= 26.00,-0.015459684375275706
12,0.4960237552826059,1,6.00 < cooking_fuel <= 10.00,0.0150295246833648
12,0.4960237552826059,1,6.00 < mother_years_education <= 17.00,-0.01429357660201238
13,0.35263741834049417,0,1.00 < wealth_quintile <= 2.00,0.07632998603104109
13,0.35263741834049417,0,mother_years_education > 17.00,-0.05057182594163928
13,0.35263741834049417,0,child_sex <= 0.00,-0.04691690573488175
13,0.35263741834049417,0,mother_currently_working <= 0.00,0.0412268992945734
13,0.35263741834049417,0,mother_education_level > 2.00,-0.026554681478793814
13,0.35263741834049417,0,county > 36.00,0.021782742740468625
13,0.35263741834049417,0,has_electricity <= 0.00,0.018105983508709293
13,0.35263741834049417,0,5.00 < drinking_water_source <= 8.00,-0.01806923232223147
13,0.35263741834049417,0,6.00 < cooking_fuel <= 10.00,0.016668465328774276
13,0.35263741834049417,0,10.00 < toilet_facility <= 11.00,-0.013455174084568375
14,0.558917732986599,1,0.00 < mother_years_education <= 6.00,-0.1106140727007581
14,0.558917732986599,1,47.00 < child_age_months <= 53.00,0.09192475773028605
14,0.558917732986599,1,2.00 < wealth_quintile <= 3.00,-0.0875158181286926
14,0.558917732986599,1,0.00 < child_sex <= 1.00,0.04038908369857904
14,0.558917732986599,1,0.00 < mother_currently_working <= 1.00,-0.034552754024600625
14,0.558917732986599,1,household_members > 7.00,0.03324619018436152
14,0.558917732986599,1,6.00 < cooking_fuel <= 10.00,0.020467144607861153
14,0.558917732986599,1,has_electricity <= 0.00,0.01856750946838372
14,0.558917732986599,1,8.00 < toilet_facility <= 10.00,-0.014931109972301078
14,0.558917732986599,1,23.00 < county <= 36.00,-0.009065604011757322
15,0.8353705382754107,1,mother_years_education <= 0.00,0.17322950507981877
15,0.8353705382754107,1,47.00 < child_age_months <= 53.00,0.09064933487949456
15,0.8353705382754107,1,1.00 < wealth_quintile <= 2.00,0.07613510022678227
15,0.8353705382754107,1,0.00 < child_sex <= 1.00,0.04419693301391939
15,0.8353705382754107,1,mother_currently_working <= 0.00,0.030106654696094293
15,0.8353705382754107,1,county > 36.00,0.02802201291336033
15,0.8353705382754107,1,has_electricity <= 0.00,0.018937372086838496
15,0.8353705382754107,1,6.00 < cooking_fuel <= 10.00,0.016685513622986693
15,0.8353705382754107,1,drinking_water_source <= 5.00,-0.014537364531520144
15,0.8353705382754107,1,10.00 < toilet_facility <= 11.00,-0.01000740936486216
16,0.5957797258307986,1,mother_years_education <= 0.00,0.16940376336651142
16,0.5957797258307986,1,child_sex <= 0.00,-0.04706923614247997
16,0.5957797258307986,1,wealth_quintile <= 1.00,0.04345025224626601
16,0.5957797258307986,1,mother_currently_working <= 0.00,0.0369671251287503
16,0.5957797258307986,1,toilet_facility <= 8.00,0.03580539166904224
16,0.5957797258307986,1,0.00 < has_electricity <= 1.00,-0.025794585688518137
16,0.5957797258307986,1,household_members > 7.00,0.024844275397520175
16,0.5957797258307986,1,county > 36.00,0.02000010414280793
16,0.5957797258307986,1,41.00 < child_age_months <= 47.00,0.018393212000746215
16,0.5957797258307986,1,5.00 < drinking_water_source <= 8.00,-0.014540707424175651
17,0.25968084586760437,0,0.00 < mother_years_education <= 6.00,-0.11462629609044508
17,0.25968084586760437,0,2.00 < wealth_quintile <= 3.00,-0.08670154750951292
17,0.25968084586760437,0,0.00 < child_sex <= 1.00,0.047340677390891095
17,0.25968084586760437,0,0.00 < mother_currently_working <= 1.00,-0.031024073992641572
17,0.25968084586760437,0,household_members <= 4.00,-0.02984342299350604
17,0.25968084586760437,0,mother_education_level > 2.00,-0.02434930388046704
17,0.25968084586760437,0,cooking_fuel <= 6.00,-0.022340027675676232
17,0.25968084586760437,0,0.00 < has_electricity <= 1.00,-0.0213891764335635
17,0.25968084586760437,0,toilet_facility > 11.00,-0.01717533380590198
17,0.25968084586760437,0,5.00 < drinking_water_source <= 8.00,-0.014591270105061224
18,0.8404021325064118,1,mother_years_education <= 0.00,0.16504690860662868
18,0.8404021325064118,1,1.00 < wealth_quintile <= 2.00,0.07216109055599638
18,0.8404021325064118,1,child_sex <= 0.00,-0.048303170131269696
18,0.8404021325064118,1,mother_currently_working <= 0.00,0.03815282380000772
18,0.8404021325064118,1,6.00 < cooking_fuel <= 10.00,0.019797520430487894
18,0.8404021325064118,1,has_electricity <= 0.00,0.018381494370275437
18,0.8404021325064118,1,toilet_facility > 11.00,-0.017527861525809586
18,0.8404021325064118,1,30.00 < mother_age <= 35.00,0.012604520090816893
18,0.8404021325064118,1,urban_rural <= 0.00,0.010789535431955316
18,0.8404021325064118,1,2.00 < religion <= 4.00,0.010213720752111919
19,0.27191410303331837,0,0.00 < mother_years_education <= 6.00,-0.11298229001216599
19,0.27191410303331837,0,wealth_quintile <= 1.00,0.049317968869876896
19,0.27191410303331837,0,child_sex <= 0.00,-0.041268637086547516
19,0.27191410303331837,0,0.00 < mother_currently_working <= 1.00,-0.03650906125596347
19,0.27191410303331837,0,household_members <= 4.00,-0.02558330058344127
19,0.27191410303331837,0,0.00 < has_electricity <= 1.00,-0.02352908522324445
19,0.27191410303331837,0,mother_education_level > 2.00,-0.0229211164878083
19,0.27191410303331837,0,8.00 < toilet_facility <= 10.00,-0.01601844787580614
19,0.27191410303331837,0,6.00 < cooking_fuel <= 10.00,0.015278992976623253
19,0.27191410303331837,0,drinking_water_source <= 5.00,-0.012729202827301177
