sample_index,child_age_months,child_sex,mother_age,mother_education_level,mother_years_education,mother_currently_working,marital_status,religion,wealth_quintile,urban_rural,county,drinking_water_source,toilet_facility,has_electricity,cooking_fuel,household_members,predicted_probability,actual_label
340,-0.449484,-0.25066707,0.12605743,0.14746366,0.4705177,0.027911212,0.0035313605,0.03584348,0.3652833,-0.03697588,-0.6638134,-0.0529262,-0.13025212,0.030235248,0.071679115,0.022090293,0.430671,0
290,0.3916233,0.11175543,-0.05663812,0.14658298,0.83844525,0.0797298,0.00018808432,0.011112548,0.29254392,0.0061155166,0.606005,0.058446042,0.16064058,0.028806062,0.018672016,0.16515917,0.9460164,1
54,0.551863,-0.12350567,0.10599899,-0.010629648,-0.07602581,-0.037226163,0.008460739,-0.10126959,0.36883977,-0.0024041173,-0.28558126,0.12708223,-0.13673271,0.041532055,0.023854475,-0.002736637,0.61204374,1
198,-0.6196413,0.104120895,-0.05484136,0.013773545,-0.28053012,-0.090478696,-0.00063259806,-0.06646117,0.07584993,0.0012129634,0.3463693,0.0019863183,0.053304408,-0.018504988,0.0008501869,-0.03877285,0.36169767,0
453,0.16992354,-0.15098332,-0.20833844,-0.062033713,-0.05622766,0.09432004,-0.0025346368,0.15088743,0.10274669,0.011082601,0.25568205,-0.060166158,-0.052240293,0.073286265,0.002974815,0.018176228,0.57222813,1
65,0.010498026,0.18612647,-0.17069039,0.06797144,0.61588854,0.11406736,0.00037619984,-0.008514243,0.23028216,-0.06406571,0.59224623,0.16599004,0.17820594,0.021717604,0.019556308,0.17171676,0.894331,1
63,-0.15577453,0.08718125,-0.081706375,0.11438066,0.5556122,0.10723262,-0.0003062375,0.009606015,0.22357035,0.015631214,0.37882286,0.20321234,0.10227521,0.05269513,4.8656162e-05,-0.07427069,0.8238428,1
145,0.046112273,-0.13474827,0.088905096,-0.2365594,-0.2959022,0.04211604,-0.14525595,0.090601236,-0.5366482,0.014158476,0.024582474,0.12861377,0.1328498,-0.07094382,-0.012137442,-0.026523177,0.291856,0
292,-0.38083047,0.12423854,-0.19740015,-0.10763713,-0.69495744,-0.050790306,0.0059003583,0.042675972,-0.49507114,-0.023578929,-0.69822824,-0.010175348,-0.09710869,-0.0415686,-0.024518646,-0.06262899,0.062544756,1
390,0.04646353,0.19731528,-0.021701502,-0.15233809,-0.6384836,0.057222765,-0.11405139,-0.0070466064,-0.4236353,0.009396467,0.09649694,-0.1079593,-0.0904504,-0.06822427,-0.0005281155,0.059960682,0.2399105,0
706,0.1025691,0.102367796,0.02634362,0.016005808,0.5598742,0.089036815,0.005814769,0.025972672,0.287248,0.017330147,0.5383552,-0.018315963,0.0841151,0.0046323403,0.054022785,-0.02992971,0.8664391,0
448,-0.13188358,0.17151403,-0.07911311,0.07975617,0.52455705,-0.083122574,-0.007334661,-0.013316808,0.26651055,0.020661702,-0.41962457,-0.0877196,0.13643424,0.036631692,0.023653219,0.047890004,0.6200796,1
39,0.23771825,-0.05552863,-0.040901132,-0.21976066,-0.5015874,-0.09886327,0.013452262,-0.009328009,-0.5242254,-0.0074995365,0.3586859,0.0327161,-0.14308898,-0.054675467,-0.07484528,-0.0283838,0.24754982,1
101,0.0034942064,-0.22723137,-0.1453721,0.08944707,0.5546298,-0.059557676,-0.009256212,-0.036515888,0.20649019,0.016079137,-0.6872611,-0.16697986,-0.189937,0.031980306,0.029114403,-0.112364836,0.33206743,0
430,-0.3175719,-0.10299089,0.100729585,-0.047283903,-0.17415203,0.04408135,0.011383353,-0.043453865,-0.6057742,0.013974636,-0.2507154,-0.08305511,-0.11620351,-0.123546146,-0.0023589146,0.02508269,0.1587628,0
328,0.4442103,-0.08003108,-0.08722688,0.02100422,-0.27078778,-0.0823193,0.006068352,-0.03822464,-0.5610531,0.031632677,0.15314072,-0.06897967,0.022377878,-0.03624072,-0.05269564,-0.020286016,0.3509153,1
86,0.55773705,0.06306265,-0.040093116,0.11065136,0.7324489,0.09143046,-0.0048883855,0.04922978,0.25797933,0.001067371,0.56236184,0.15041152,-0.1125508,-0.0013582938,0.057081167,-0.09527207,0.9155751,1
627,0.4173222,-0.20779005,-0.10898916,-0.022091486,0.13895388,0.030815426,0.0036727698,0.104655966,0.2941119,-0.0023423415,-0.47195426,0.07095703,-0.17390618,0.0447262,0.0016121282,-0.002136536,0.53046465,1
259,-0.45313722,0.12177605,0.059189748,0.10408221,0.5121284,0.10163389,-0.00027190289,0.019174334,0.15451781,0.003899037,-0.32798767,-0.07413436,0.051398788,-0.004257089,0.025590876,0.0801853,0.59343415,1
213,0.034480814,-0.15107982,0.07756494,-0.0068179388,-0.17206386,-0.07630582,0.004559052,0.11634893,0.22622412,0.013753577,-0.060049128,-0.08687705,-0.12773532,-0.024497692,0.005995039,0.16792832,0.48645845,0
446,-0.18799615,0.09840882,-0.2055958,0.01948107,-0.16019055,0.009439324,0.011636834,-0.057987697,-0.39517513,0.009950049,-0.5848439,-0.124802545,0.17641114,-0.10873617,-0.060548853,-0.11386748,0.15842094,1
367,0.5838336,-0.17243397,0.15642698,0.021548878,0.17172539,0.036244426,0.009505174,0.15196861,-0.8185703,-0.042719074,-0.25000665,-0.014834378,-0.044959657,-0.06528957,0.078509815,0.0054712086,0.45284376,1
33,-0.023686865,0.10348425,-0.03613431,0.13257204,0.62496465,-0.114645995,-0.0012012711,0.072960906,0.3082487,0.0005179533,0.3314336,-0.00042480417,0.13982393,0.023087552,0.010611668,-0.018299296,0.8260238,0
686,-0.27559936,-0.14450274,0.052167263,0.09723055,0.5365432,-0.11708354,0.0013645528,0.04317573,-0.29784936,-0.011069257,-0.16905844,-0.082514785,0.24930419,0.011600304,0.06784595,0.0017283745,0.49191946,1
478,0.20701587,-0.10895873,0.012342356,0.15190198,0.93340784,0.08241395,0.006499761,0.04326837,-0.49718624,-0.018815778,0.48094627,-0.15041332,-0.14993386,-0.0048003537,0.027726293,0.026575074,0.7400797,1
323,0.20696619,0.10439042,-0.10726874,-0.03667641,-0.21091254,-0.10833111,0.01350436,-0.0004734256,-0.47806066,-0.004699289,-0.120273694,0.088025466,-0.09031814,-0.035043925,-0.11415567,-0.04588448,0.28194803,0
254,-0.4758873,-0.072958484,-0.12732305,-0.13401516,-0.58320713,-0.085348256,0.034554757,-0.08716605,0.09452776,0.0048831184,-0.3322792,-0.019049907,-0.17783305,-0.040366717,-0.025736907,-0.06306929,0.110476546,0
210,-0.0028324982,0.12027097,0.02236351,-0.16975418,-0.48260492,-0.025892345,0.015880767,-0.075716734,-0.7264362,-0.027387256,-0.5836392,-0.015752334,0.08740316,-0.045150153,-0.06738133,0.009485877,0.1231697,0
120,0.368784,0.1262045,-0.14144795,0.10843919,0.68002576,0.11768233,-0.0013194773,0.036212496,-0.36561322,-0.007462255,-0.46138805,-0.079016164,-0.08553904,-0.0010192127,0.07021893,0.17319551,0.6323589,0
133,-0.6578815,0.14045154,-0.010187712,0.1510305,0.48434544,0.057509966,0.00740539,-0.06539555,0.16929856,0.0009788652,-0.2918605,-0.044766862,0.07124726,0.01576484,0.046931498,0.060933303,0.5349919,1
417,0.6298144,0.1286845,0.000988977,0.16549204,0.7135523,0.09601609,-0.0022200542,0.0038800081,0.26008052,0.0043743346,0.5665414,-0.1925472,-0.12499319,0.012572727,0.01477612,0.10846722,0.9160517,1
363,-0.63164663,0.07467643,-0.14432894,-0.053034686,-0.48136395,-0.18206593,-0.0005276315,0.044531573,0.19623068,-0.003096023,-0.008611289,0.10282679,-0.08844006,0.05927638,0.031808786,-0.049416877,0.24438457,0
336,-0.03359878,-0.14048165,-0.068341926,0.13839851,0.69080085,0.051862914,-0.13863866,-0.015731508,0.3338723,0.011346805,0.22381535,0.07552319,0.16616026,0.058067087,0.016718904,-0.001921288,0.7977426,1
375,-0.049998168,-0.10164729,0.12558766,0.16897869,0.8073684,0.051096816,0.011743916,0.019194696,0.29497463,-0.00047384936,-0.4378217,-0.053337704,0.22926302,0.055895466,0.01137376,0.037673574,0.763915,0
571,-0.36811602,0.101365596,0.03893952,-0.12076959,-0.7312086,-0.07083469,0.01525141,0.0032787072,-0.42972982,-0.014149046,-0.3376176,-0.050069068,-0.10286436,-0.07279348,-0.0719258,-0.026816094,0.09676769,0
636,-0.33645633,-0.09677768,-0.027697314,-0.022728166,-0.2734564,-0.046662055,0.004313046,-0.10309939,-0.3094653,-0.002399214,-0.09701256,-0.13096236,-0.1232944,-0.14634798,0.009963047,-0.0950173,0.14274104,0
716,0.10887294,-0.1778393,0.056115728,0.13270947,0.47729743,0.08755221,0.00056819466,0.017761828,0.28765896,0.013101016,0.057085507,-0.027254455,-0.074731134,0.04926223,-0.08248432,0.14278571,0.7451394,1
569,-0.020260835,-0.20961608,-0.0869002,0.18077795,0.5111394,0.05793721,0.00015584799,0.040338285,0.17555785,0.012670756,-0.4351868,0.048277423,-0.057195913,0.06853178,0.048749328,0.0520847,0.5966324,1
583,-0.3826076,-0.12441395,0.054105654,-0.090101495,-0.12750776,0.036139615,0.0058765174,0.05405309,0.22162378,-0.020379195,-0.44891936,0.10832286,-0.042743117,0.07679916,0.04166983,-0.038070332,0.33810288,1
493,0.02163289,0.12072276,-0.07446603,-0.017248409,-0.29771605,-0.06641514,0.0059325825,-0.08577507,0.10901072,0.018884704,-0.0036179768,0.12484451,-0.089999355,-0.034576006,-0.010041392,-0.09056874,0.40974876,0
300,0.31147155,0.112512305,-0.11372246,0.010122744,0.040465865,-0.12949371,0.004779379,0.15020636,0.2274888,0.0019269672,0.20572497,-0.08774308,-0.11151432,-0.02740558,0.023696838,-0.18811859,0.60701686,1
135,0.36308542,0.061408617,0.053040292,0.18092018,0.80521727,0.09339968,0.0035153634,-0.0022134534,0.30327758,0.012934417,-0.03342831,-0.041449104,0.05969479,0.057674114,0.031613454,0.008576017,0.8767123,1
49,0.05265502,0.23409176,0.025869627,0.09573215,0.5710221,0.06384263,0.007587566,0.033912748,0.18168592,-0.027066976,-0.37448403,-0.07065217,0.29857752,0.01618931,0.038682744,-0.07599222,0.745745,0
712,0.41149208,-0.14085208,-0.04140369,0.14684843,0.6339526,0.04110205,0.00087027904,0.028500106,0.22697932,0.013670694,0.60952103,0.105267935,-0.089377746,0.009474738,0.055616703,-0.07949904,0.8739733,1
416,-0.04548092,-0.16953114,-0.0907974,0.1595593,0.6503038,-0.08056742,-0.013033687,0.073538154,0.13481888,0.0053752875,0.25076157,-0.008218267,-0.12247272,0.01723051,0.02707981,0.10268676,0.7100537,1
72,-0.5983419,0.120185085,-0.08036992,0.0030326084,-0.15334284,0.09995591,0.004244512,-0.024845824,0.28298292,0.0041205557,0.065588325,-0.03987973,0.00986526,-0.016834373,0.017322157,0.03310863,0.4331976,1
342,0.26261294,-0.10937693,-0.023539776,0.17634405,0.5966117,0.007754946,0.0013817169,0.032921094,0.20706415,0.008943933,-0.39639902,-0.111954115,-0.046835996,0.01672376,0.04924439,-0.14980201,0.6285701,1
597,0.34980106,0.12046367,-0.1777034,0.14137597,0.755041,0.083664,0.0038940897,-0.008431696,0.30872592,-0.029493406,0.6301717,0.16742308,0.13793986,0.017936654,0.03501955,-0.1336513,0.91732675,1
651,-0.16417432,0.11355034,0.16189402,-0.022283562,-0.6679817,-0.08458812,0.019617572,-0.041239854,-0.4011126,0.015309092,0.58898824,-0.07543157,-0.08201638,-0.06669911,-0.11376242,0.09841897,0.3280277,0
77,0.4423069,0.07672715,0.048223823,-0.02109725,-0.45871377,-0.030814167,0.15569079,0.0133367395,-0.5732047,-0.011449415,-0.011203702,-0.016608901,0.13911581,-0.026281264,-0.078902625,-0.060963742,0.39904502,1
522,-0.40141782,0.09777194,0.25078043,-0.0025307895,-0.052089226,0.054769907,0.004837402,-0.0053112544,0.106587164,0.00024962093,0.27514905,-0.14504242,-0.05130995,-0.03956642,0.019596819,0.014376967,0.5327639,1
672,-0.14424041,0.06688798,0.09008472,-0.14441042,-0.52762425,-0.024164136,0.0078043956,-0.055793487,-0.7467361,-0.02344464,-0.56380343,-0.037701864,0.1399971,-0.07005392,-0.075277984,-0.1370425,0.09611756,0
437,0.36979097,-0.13726564,0.069159515,-0.08492542,-0.5881311,0.040053394,0.015796578,0.056488615,0.2097276,0.0006594516,-0.20343208,-0.033761684,-0.15014356,0.036822762,-0.020905301,-0.044077117,0.3870449,0
591,-0.41571203,-0.048344977,0.10220006,0.01350994,-0.086280294,-0.0688639,-0.043274477,-0.047760755,0.06416587,-0.048925664,0.21835828,0.0038534368,-0.08351543,0.031416494,0.004641881,-0.1180802,0.37326857,1
131,0.35132197,-0.09753237,0.037292834,0.15458913,0.5221009,-0.059357755,0.0016034241,0.025880134,0.24522668,-0.0025761337,-0.39462388,-0.027448375,0.06225552,0.002926319,0.051600892,0.017731916,0.7099999,1
352,0.44330478,0.10535055,0.06401704,0.00028365786,-0.22091359,0.07032098,0.029825173,-0.091144145,0.09688113,0.004125814,0.4874293,-0.0968533,-0.11454748,0.019190138,0.15114677,-0.045376822,0.71247447,1
211,-0.3569095,-0.06712186,-0.029670259,0.14983621,0.7329877,0.07860784,-0.0037923392,0.052347284,0.27265364,0.0077272295,-0.3148539,-0.0053820764,-0.13953966,0.06636769,0.013386806,0.0009534112,0.61348635,0
215,-0.26681176,0.1407618,0.24873064,-0.03312246,-0.005585216,-0.08043463,0.2717189,-0.08585972,0.33576226,0.032610137,0.2542094,0.02442573,0.0041906135,0.06519349,0.02299067,0.36925372,0.7862431,1
84,0.58068085,0.17101078,0.15467587,0.15978615,0.7352629,0.05974823,0.010168431,0.061254084,0.25836504,0.0025238278,-0.28026062,-0.08364678,0.30739528,-0.009897101,0.054400604,0.21439011,0.9168463,1
329,0.18913361,-0.18095516,-0.029164432,0.12110482,0.91845244,0.10001674,0.005480029,0.017828912,-0.50565445,0.016428674,0.6108329,0.17308502,-0.12789033,-0.0328174,0.020787718,0.13458295,0.8077794,1
532,0.039954334,-0.17378363,0.20441844,-0.04156796,-0.0475398,-0.036103927,0.011084364,-0.11728831,0.24267377,0.008882929,-0.064165175,-0.09486876,-0.097409874,-0.08482658,0.029178312,0.17638744,0.4898558,0
10,-0.10755077,-0.11643281,0.20406693,0.15371887,0.6504389,-0.12228862,-0.0041045714,0.035257187,0.27690598,0.005370854,0.15892774,-0.13374639,0.14247902,0.07313736,0.021196572,0.063636124,0.78674316,1
78,-0.7723731,-0.06651085,-0.21966547,-0.04655035,-0.28419396,0.1488067,-0.0008284063,-0.04344616,0.22405359,-0.01874853,-0.1487048,0.12267571,0.06544178,0.02452382,0.034456365,-0.03685917,0.26628947,0
393,-0.25686505,0.09153527,-0.18429892,-0.12527268,-0.6838566,0.034040686,0.009907875,-0.11973755,0.062007416,0.02398994,-0.15486641,0.061296303,-0.0314056,-0.17224614,0.014938724,-0.057014126,0.18490621,0
250,-0.198275,-0.1070085,-0.0030441806,-0.0058116973,0.1813923,-0.07010167,0.0137552135,0.13862473,-0.69363177,-0.04789133,0.37245262,-0.024858916,0.47025928,-0.056058023,0.14425172,0.032925684,0.53777105,0
97,-0.06406712,0.07673334,0.025081294,-0.076143704,-0.66349334,0.058753315,-0.043757886,0.012252547,0.03817399,-0.05514157,0.70149016,-0.18873103,-0.15493603,0.029648606,0.0070475056,-0.109524116,0.40077865,1
654,-0.1360388,0.1177726,-0.088214174,0.15659389,0.53337413,0.086679205,-0.010790337,0.07183828,0.08190922,-0.03818964,0.00354987,-0.08748415,-0.104495734,0.0064018145,0.06466677,0.022613157,0.6647598,1
155,0.5294541,-0.16101281,-0.15707257,0.006883911,-0.2284285,-0.07755003,0.00983642,-0.05088493,-0.32006195,0.009437835,0.31108758,0.14487919,-0.08245313,-0.06741198,0.006800426,0.010977399,0.47224677,1
527,0.38718688,-0.12272397,-0.3114551,0.15025505,0.66214335,0.034468304,-0.0007091407,0.023175687,0.2633969,0.03255807,0.6271867,0.038295522,-0.0021329778,0.01199659,0.050654944,-0.16004004,0.8440465,0
596,-0.45553485,0.13406362,-0.02489881,0.107437514,0.50391406,0.0863249,-0.007879601,0.02178467,0.14776653,0.0054816077,-0.20668529,-0.101710565,-0.07621113,0.011518181,0.030075377,0.080818206,0.5647977,1
668,0.15394498,0.1266401,0.0014923736,-0.039466318,0.059880592,-0.13066755,0.00015795638,-0.07257055,0.24179052,0.0025080536,-0.21834294,0.10905394,0.088125266,0.042873833,0.025244657,-0.012091958,0.59458804,0
408,0.35992804,0.066113,0.014948727,-0.28825268,-0.5005048,0.0460709,0.0052952003,-0.010228031,-0.61268103,0.021244565,0.03859907,-0.105126716,0.11724547,-0.08796596,-0.06628781,-0.19834663,0.23226672,1
81,0.13291557,0.099559866,-0.05227404,-0.0074106753,-0.06203382,-0.08402625,0.0011801366,-0.05756815,0.31990597,-0.004647099,-0.19780844,0.04725115,0.07739924,0.04554212,0.02210444,-0.032054473,0.56277394,1
382,0.28195363,-0.099691615,-0.12988977,0.1389163,0.8483391,0.06644659,-0.0046696765,0.08461568,0.10567305,0.023347314,0.74539524,0.16363527,-0.121707976,0.020847153,0.06926148,0.0768926,0.9066801,1
148,0.22695403,-0.079834454,-0.1243154,0.1806402,0.7321172,0.051532254,-0.0049224943,-0.028701115,0.054109804,0.023980375,0.04208722,-0.09476778,0.020153688,0.07718298,0.05085045,-0.010959005,0.75408167,0
536,-0.26599556,-0.10556899,0.15966736,0.009185446,-0.031523228,-0.039896745,0.011769309,-0.07393277,0.25641072,-0.035998,-0.071911134,0.059816703,-0.038598716,0.020147854,-0.072441615,0.011987898,0.44954997,0
581,-0.74233174,0.13606371,0.09897853,-0.14021185,-0.47877118,-0.03931575,0.0062802657,-0.010745711,-0.6906485,-0.04772532,-0.27638626,-0.035498857,0.118377,-0.08850241,0.103283286,0.18041559,0.12984312,0
344,-0.4242891,-0.12630656,0.20666218,-0.0066501102,-0.18724653,-0.057426725,-0.0020469797,-0.061606586,0.07830023,0.0013770859,0.41092107,-0.028344335,-0.024957381,0.05235851,0.017330471,0.008020268,0.46517837,0
714,0.06000007,-0.0317168,0.14134632,-0.018153623,-0.48065573,0.13706197,0.01555345,-0.021323428,-0.31182778,0.00475175,0.027844846,-0.16098112,-0.11113184,-0.14257932,-0.02631991,-0.10249717,0.2657612,0
248,-0.71213603,0.17250896,-0.073078796,0.11969134,0.46325418,0.068585165,-0.0033004563,0.0063151475,0.14252757,-0.009735997,-0.48586142,0.036556747,0.012143528,0.00877716,0.047961302,-0.011605379,0.44694924,1
533,0.2988159,0.09052518,0.09725959,-0.2868173,-0.52086306,-0.083043054,0.014374009,-0.009922249,-0.67450124,-0.0017102184,0.23580809,-0.048427016,-0.12577103,-0.02562355,-0.09598969,-0.002510706,0.2434229,1
306,0.3088644,0.15671268,-0.21357624,-0.08296446,-0.37109882,0.05703299,-0.06264144,0.05079825,0.29195192,0.015971504,-0.5290096,-0.03555151,-0.09655827,0.011636306,0.02798216,-0.11893297,0.357785,0
192,-0.14515364,-0.051127803,0.2035469,-0.099617,-0.3673864,0.048164427,0.008777249,-0.024781961,-0.42200208,-0.028225752,-0.2134042,0.056590233,-0.06163182,-0.061502352,-0.067023784,-0.08527565,0.21321388,1
299,0.58845824,0.056315508,0.03766101,0.10400836,0.6904019,0.06329105,0.008086775,0.039762966,0.27524954,0.0005267747,0.52812207,0.1690919,0.14220624,0.0057610604,0.05511709,0.00076203095,0.9409894,1
31,0.14963272,-0.12540741,0.00323771,0.016036907,-0.13178484,-0.09991664,0.004454152,-0.0021510648,-0.64754105,-0.041175716,0.34090996,-0.12742688,0.09851372,-0.06842435,0.115750134,-0.040970836,0.36543027,0
503,0.08442734,-0.20009837,-0.02720851,-0.0051015536,0.072751306,0.06268147,-0.0020814482,-0.1118759,0.059154827,0.0121407965,-0.39169052,-0.0036229265,-0.12016229,0.028989471,0.000645187,0.03991555,0.3783063,0
549,0.20723476,-0.17823364,-0.06078088,0.028698735,-0.046910502,0.037046462,0.0011193017,0.04767354,-0.42469132,0.025651082,-0.5325394,-0.10197539,-0.07007747,-0.111701645,0.024813961,0.013576066,0.242926,0
231,0.22689149,-0.0734203,0.16268359,-0.0028037587,-0.49660373,-0.05740153,0.022051126,-0.025425225,-0.38555253,-0.05101218,-0.037464622,-0.062228285,-0.11770021,-0.021699464,-0.0715106,-0.030912403,0.2654725,0
457,0.37193513,0.14261796,0.011355744,-0.008539083,0.19633874,0.1201649,0.006924036,-0.0073973364,0.06509894,0.008434646,0.46129906,-0.15761946,-0.0456744,0.09775432,0.0068332367,0.1987072,0.8134562,1
660,0.044617966,-0.128584,-0.1665481,-0.016200297,0.1660754,0.0236613,0.00266296,0.019466192,0.26390785,0.0038920483,-0.14972813,-0.00039803237,-0.10701388,0.05322836,0.031105746,0.00873105,0.51331407,1
234,-0.17013901,-0.09319796,-0.09473146,-0.19629541,-0.5110433,-0.05389133,0.0015038911,-0.027629443,0.1755314,0.029032553,0.38673344,-0.0075680376,-0.09808716,0.11550044,-0.031141572,-0.041259963,0.3515369,1
55,0.18426274,0.10504231,0.09464991,-0.090093255,-0.62646586,0.06642212,0.008634626,0.00455686,-0.4294855,-0.03446137,-0.78499854,-0.011105204,0.21297863,-0.021087991,-0.11168709,-0.022514375,0.18985395,0
209,0.07367463,0.14493321,-0.1811046,-0.10127259,-0.13716638,-0.07105199,0.08869173,-0.0026161852,0.2292909,0.019579047,0.002951489,0.08676286,-0.0029429947,0.058825374,0.009418835,0.21777345,0.6082921,1
338,-0.039871886,0.07738656,0.18475258,0.018093169,0.11288596,0.09015972,0.013440842,0.16306192,-0.58347577,-0.009404473,0.2879586,-0.09557217,0.09471929,-0.036478978,-0.114956446,0.032183744,0.5496545,0
174,-0.02376787,-0.08667669,-0.31988165,-0.00273815,0.010519421,-0.07873608,0.0032095178,0.04342141,0.04812449,0.014939323,0.5002442,0.17261337,0.019934526,0.047182858,0.031032596,-0.045057844,0.58388823,1
350,0.36298847,0.07149613,0.02621009,-0.18183585,-0.4511101,-0.021197695,0.013073177,0.00985864,-0.5439995,0.0032992433,-0.26599988,-0.10538712,-0.098124206,-0.053638443,0.030217018,-0.19047791,0.19937015,1
76,-0.90490824,0.059343997,-0.029953575,0.04174294,0.5420845,0.06737361,0.004687053,0.045482133,0.17815843,0.0019359145,0.5210337,0.12013915,-0.12557946,-0.002998503,0.038508743,-0.06770682,0.620986,0
2,0.17843339,-0.09823454,0.24234872,0.012900332,-0.20013644,-0.06989956,0.003916297,-0.065554574,-0.33965823,0.012379089,0.33090794,-0.08513431,-0.11312305,-0.053363334,0.016190844,-0.07584964,0.42568335,1
548,0.10162406,0.14189841,0.11579691,0.044859968,0.49516946,0.095902584,-0.0686803,0.020333152,0.18049198,-0.06827665,0.5774654,0.04766493,-0.03736604,0.061570846,0.029854015,0.09688178,0.8628993,1
109,-0.435237,-0.1034014,0.15642582,-0.09270132,-0.24965706,-0.03412124,0.014084901,0.049858008,-0.6499947,-0.033297177,-0.108698756,-0.15637122,0.11828249,-0.05967252,-0.06306301,0.0063453643,0.16289729,0
291,0.39599016,-0.13597955,0.0055540614,0.14804347,0.623287,0.047374386,0.009438274,-0.010711508,0.27407563,-0.009592583,-0.3738605,-0.0063894754,0.20388906,0.034489527,0.027019113,0.069723874,0.7869678,1
715,0.33154044,-0.071989805,0.25454208,0.21602608,0.99862754,0.063694395,0.25598195,0.0138801,0.35043794,0.018267406,0.61449736,0.24063879,0.1807414,0.058251496,0.031112831,0.028995048,0.9731333,1
311,-0.02828368,-0.17179929,-0.06558173,0.08243118,0.5148067,0.10051669,-0.0027082586,-0.036421817,0.17581682,0.011709128,-0.22168589,0.14760533,0.13124512,0.017005779,0.043226004,0.09201014,0.6887505,1
351,-0.34701285,-0.09812272,-0.018711038,0.12082043,0.56811947,0.0829731,0.32972243,0.027174618,0.17584994,0.0038619698,-0.17352842,-0.073804356,-0.10015895,0.007604335,0.050206386,0.00039660977,0.63640237,1
208,-0.20578434,0.15281165,0.016189825,-0.047200516,-0.15481304,0.071106516,0.011129545,0.003206571,-0.6354161,-0.036810398,0.174653,0.009533735,0.15734717,-0.050723255,0.2498591,0.12726492,0.46176144,0
357,-0.18326369,0.058876798,0.16133781,0.18120441,0.78953326,0.09069116,0.0056794346,0.014008854,0.25985846,0.012934417,-0.111132085,0.19620682,0.10744034,0.07328687,0.02883617,0.07395445,0.8536907,1
181,-0.0029677805,-0.094061546,-0.24885838,0.11771864,0.5044025,0.16818282,-0.004308478,0.03317201,0.1546722,0.011571654,-0.2612003,0.10041165,0.0736448,0.029212402,0.03524033,0.032580335,0.6578675,1
235,0.4207806,0.06378182,0.12834421,0.04437425,-0.10767044,0.09096497,0.021862585,0.12347148,-0.30584654,0.008225669,0.824943,-0.05246353,-0.076036334,-0.039355792,-0.042719178,-0.055113122,0.74114656,1
227,-0.099479504,-0.09252567,0.13615316,-0.10704973,-0.7728579,0.028208781,-0.08863716,0.029132685,-0.41469473,-0.03708775,-0.36487156,-0.06799168,-0.11946614,-0.08502021,-0.071679994,-0.06838175,0.100484155,0
657,-0.03004493,-0.08779185,0.009190053,-0.04186368,-0.10929795,-0.043577448,0.005869588,-0.060845055,0.28817087,0.016067503,-0.26935318,0.10685329,-0.11851662,0.06701321,0.042673975,0.004287336,0.44601807,0
118,0.3179288,0.135521,-0.014268548,-0.0072413627,-0.11707008,0.10811611,0.012250608,0.12919842,0.2557715,0.009586737,0.18235445,0.0047309073,0.059864506,-0.035444587,0.03239284,0.1642965,0.77597797,1
450,-0.5665085,-0.15382107,-0.17682032,-0.0022373165,0.11378879,0.09544259,0.0016620419,0.009608099,0.19559108,0.002047575,0.28599975,-0.19925152,-0.12464569,0.06277589,0.0015374564,-0.033765145,0.3812598,1
623,-0.33406293,-0.1444162,-0.1064148,0.0074183196,-0.054140896,-0.04243202,0.011993617,0.04742318,-0.2842461,-0.012041359,-0.24726146,0.07247519,-0.05490336,-0.0735611,-0.06844204,-0.028464064,0.21304232,1
90,0.48165825,0.076956,0.011349855,-0.008912097,-0.1825227,0.085057825,-0.0006220443,0.17609742,0.07347321,-0.009156391,0.5672918,0.12050014,-0.0046059564,0.05124399,-0.0060650418,-0.13588075,0.78587806,0
514,0.21434896,-0.09807316,-0.06447643,0.015874473,0.2510949,0.17009456,-0.1642577,0.14624716,-0.35773736,-0.011617304,-0.009246517,-0.16406718,-0.017370535,-0.06673297,0.03165521,-0.0025732652,0.4694269,1
327,-0.4807268,-0.075849265,0.07287591,-0.0072002197,-0.009077947,-0.089790486,-0.032579344,-0.04159488,0.20505244,0.020929886,0.08415108,-0.030045753,0.050598316,0.040139373,0.028858002,0.023527112,0.4411884,0
377,-0.053170394,-0.1004192,0.15477575,0.0038287295,-0.011534578,0.044952296,0.015736513,-0.010752659,-0.34759134,-0.01401226,-0.119119085,-0.06577662,-0.07450833,-0.06142895,-0.10760666,-0.04575457,0.31260058,1
60,0.49760348,0.09522782,-0.1543397,-0.03789169,-0.15952994,-0.08838298,0.0015716073,0.04828494,0.3697283,-0.0074308272,0.45882705,-0.07494178,0.13803644,-0.09517778,-0.0018223973,-0.017991878,0.72634625,1
579,0.45450562,-0.19692744,-0.108740166,-0.01506188,-0.22162925,0.030021548,-0.13474485,-0.062052824,0.09576387,0.0014417509,-0.22304828,0.09803236,-0.09436302,0.06320647,0.010784142,0.038375013,0.43535274,0
30,0.07404185,0.12318311,-0.033777576,0.16484088,0.7789512,0.07310012,-0.004015957,0.09482525,0.12247341,0.023603069,-0.47158313,-0.09814059,-0.08988823,-0.052320622,0.025203075,0.102759875,0.6979695,0
69,-0.23542872,-0.16069879,0.0043937555,0.23568793,0.7813713,0.04105734,0.0044989204,0.031227741,0.3213623,0.01673052,-0.21597587,0.23619907,0.2314159,0.04453607,0.028277509,-0.15643463,0.770761,1
398,0.41300255,-0.063364804,0.02300162,0.13513365,0.55510604,-0.12544148,-0.0038554743,-0.020802395,0.23399729,-0.0011540664,-0.20716429,0.13790707,0.10405735,0.017678121,0.059955984,0.047103222,0.7874384,1
622,0.248054,0.118626915,-0.010267181,-0.056474466,-0.26457152,-0.06974249,-0.1365901,-0.010855556,-0.4549072,0.007379198,-0.3541799,-0.11148624,-0.09129908,-0.087632224,0.038200594,0.0012769885,0.22616817,1
44,0.07965635,-0.12761725,-0.1417737,-0.048722263,0.10586765,0.08784638,0.00652668,0.11491665,0.32453987,-0.0017340309,-0.32617894,0.20781387,0.24114025,0.016471254,0.005075265,0.050572313,0.64538,1
294,0.25299132,-0.18219054,0.17741123,-0.024372984,0.24699177,0.10321779,0.021065807,-0.100390844,0.13566679,0.0037622023,-0.44451553,0.1484346,-0.052929383,-0.02569932,0.028279174,0.143976,0.60732704,0
70,0.27452648,0.14764267,0.049024455,0.0102474885,0.24536051,-0.12581226,0.22435161,0.043371554,0.17761901,0.017541999,-0.088105574,0.2000025,0.10227372,0.046485234,0.004140748,0.24132124,0.82840765,1
388,-0.08887759,-0.11225936,0.0839819,-0.09737591,-0.45878434,-0.075631216,0.007956717,0.02175022,-0.64664125,-0.06675515,0.0170511,0.07775321,-0.08590725,-0.096579455,-0.09753765,-0.0024993361,0.1657624,0
652,-0.8144779,0.055311244,0.07997961,-0.039305136,-0.5527081,0.053698085,0.015007622,-0.047211085,-0.48827317,-0.011176195,-0.28514472,0.012607329,-0.09934878,-0.14291656,-0.068855025,-0.13909543,0.07816706,1
588,0.07113864,-0.1324692,0.1012028,-0.19315638,-0.42390212,-0.019963687,0.0025715379,-0.02105907,0.1627582,0.007940878,-0.33799288,0.07534832,-0.039712623,0.09784873,0.03840662,-0.016636768,0.34903464,1
462,0.14545003,-0.11614304,-0.24074474,0.009739171,0.25918669,-0.11635269,0.037337996,-0.013571182,-0.4328801,-0.039401207,0.114960924,-0.070706025,-0.108138666,-0.04386885,0.026452176,-0.011631679,0.3552778,0
673,-0.36366546,0.16029982,0.111333646,-0.09515211,-0.44397873,-0.08717917,0.006532697,0.0016866736,0.205667,-0.005217094,-0.09689216,0.007073371,-0.0897411,0.052487556,0.010674673,0.120244525,0.3772038,1
420,0.26696745,-0.092040814,-0.050008796,0.012231056,-0.08303502,0.10072036,0.0051293643,0.07132618,0.21800506,0.0068315477,0.52375734,0.0117653245,0.060567554,0.017788846,-0.12640662,-0.07289303,0.7058054,0
220,0.21248703,-0.10318638,0.14618456,-0.22076698,-0.45984682,0.029707378,0.013114196,-0.017398616,-0.60170543,0.009840004,-0.016372051,0.10068022,-0.08564409,-0.029086504,-0.10308438,-0.009989044,0.24403657,0
552,0.40111557,-0.14007732,-0.07746863,0.22580023,0.8758443,-0.1075431,-0.15702385,-0.025123648,0.2561384,0.008142119,-0.17587078,0.19771142,0.12893608,0.050432008,0.03638562,0.12573846,0.8358309,1
335,0.3135831,0.058767933,0.05607688,-0.18965319,-0.3514412,-0.10541905,0.014456423,-0.084485024,-0.521148,-0.029546415,-0.40434754,0.14259538,0.1463356,-0.0621339,-0.01976534,-0.17383894,0.23048565,0
710,-0.039196745,0.074952535,-0.025827006,0.15802248,0.6701338,0.0550213,0.03042104,0.06575816,0.31409702,0.0022330768,0.24491951,0.00063028187,0.11912092,0.03461323,0.020063762,-0.15405107,0.82853854,1
136,0.29061195,0.10790886,-0.15680668,-0.0050548017,-0.49465445,-0.09394066,0.015970439,-0.09920056,-0.58867276,-0.070762396,0.5957664,0.023969151,0.1608553,-0.077292666,-0.034525365,-0.029923977,0.38903755,1
6,-0.37199116,0.09434094,-0.022141274,-0.036497418,-0.33072335,0.027820256,0.007330376,-0.09800995,0.18521139,-0.00043149487,0.21415077,-0.128405,0.03479641,0.030297967,-0.014509257,-0.10222968,0.37599128,0
223,0.3026656,-0.076204106,-0.015395577,-0.04169656,-0.33896244,-0.085383646,-0.00033176085,-0.07339568,0.15848564,-0.009386997,0.35694784,0.05627167,0.09562441,0.045732368,-0.025036203,-0.029832352,0.5804192,0
164,0.0669977,-0.13960968,0.1299431,-0.015378685,-0.16718177,0.022014495,-0.0068632867,-0.088098094,0.33729434,-0.0034902766,-0.3027872,-0.06703628,-0.10249246,0.06073527,0.019309938,-0.0030403172,0.43652162,0
165,0.5161192,0.1207153,0.03730424,0.018237427,-0.23005266,0.0011947299,0.018613737,-0.064331055,-0.71412045,-0.005938296,-0.54684013,-0.07146765,-0.005991561,-0.027266216,0.106087714,-0.083463974,0.28357285,0
199,0.062589355,-0.092160925,-0.015224063,0.13541178,0.6682378,0.08180025,0.0031118945,-0.00737017,0.2596919,0.0011300148,0.6856438,-0.045426577,0.11768376,0.033992533,0.0336166,0.039742097,0.87727374,1
132,0.058289364,0.09053554,0.019261675,0.014501151,0.0018193957,-0.069767274,0.011942365,-0.032035775,0.28811684,0.004689907,0.2751256,-0.06055531,0.017434563,0.03310455,0.02900224,0.11073483,0.689245,0
501,0.079318285,0.14855729,-0.027941294,0.14355497,0.71521366,0.07008253,0.2747709,0.063356616,0.31808475,0.027024945,0.36464614,0.15775405,0.18999717,0.029128237,0.01565881,0.109644376,0.9360305,1
395,0.1335865,0.08893029,0.18760803,-0.056001633,-0.20491774,-0.052115273,0.007855784,0.01730742,-0.5778168,-0.018370232,-0.7109804,-0.09040576,0.06767914,-0.009094993,-0.09312739,-0.031231213,0.20805296,0
41,0.48940456,0.13058676,0.07064962,0.03197826,0.08159626,0.084625125,0.01222871,0.048083182,0.15664436,0.01597461,0.6819265,0.04088751,-0.067798935,0.04703647,0.02488122,0.1950293,0.88575816,1
108,-0.29495955,-0.047293894,0.015930334,-0.08716071,-0.46122098,0.053676337,0.010919231,0.048564684,0.2531813,-0.01799518,-0.0785619,0.09887672,0.0011258591,0.053026322,0.060849175,-0.018601509,0.40005133,0
644,-0.44621637,-0.17511609,0.13425922,0.07216528,0.555543,0.11626236,-0.0013548806,0.027333453,-0.3573679,-0.029326227,-0.07627435,0.1211337,-0.063951924,-0.030399539,-0.080652036,0.16381955,0.48356834,1
56,0.268931,0.12960969,0.05877946,-0.10086611,-0.6009538,-0.108000614,0.010516927,-0.07714099,-0.33344975,-0.0032493672,-0.06208197,-0.07237265,-0.16155568,-0.06774007,0.006034527,-0.06649789,0.23583624,0
158,-0.58857566,0.12727119,-0.041528065,-0.020965252,-0.13006444,-0.032014698,0.0016670723,-0.072048716,0.09282926,0.0070624296,-0.106574625,0.0020705815,0.106006525,0.0665076,0.017755007,-0.03664051,0.3536919,0
464,-0.06517488,0.02422928,0.18349104,-0.068640605,-0.5583363,-0.024214754,0.012659155,0.051620077,-0.4747184,-0.010635917,-0.7181918,-0.053269785,0.29455474,-0.048167273,-0.055982225,-0.15016031,0.16022624,0
324,0.4345916,-0.053685173,0.098286405,-0.025761293,-0.1870896,0.045965835,0.009566003,-0.056712147,0.03875434,-0.004752396,-0.094133556,0.10549967,-0.10854638,0.05265599,0.021633163,-0.044518862,0.5587636,0
531,0.32123587,-0.117558956,0.041388407,0.21627994,0.8301882,0.03844015,-0.10181509,-0.013245167,0.15671651,-0.067246005,0.26547596,-0.09253078,-0.18761566,0.064440794,0.04948751,-0.042086456,0.79672474,0
24,0.36751285,-0.14945966,-0.064911895,-0.015041194,-0.011024261,-0.07051939,-0.0062458455,0.0081103025,0.23190291,-0.0021402165,-0.10806719,0.15410598,0.1235762,0.027260834,0.033706203,0.25060925,0.68433523,1
541,-0.57061976,0.06883608,0.10424704,0.009230814,0.013403909,-0.06617283,0.012973062,0.06355356,0.20692709,-0.0016733622,-0.036169518,0.10801964,0.028053079,0.039860494,0.019411959,-0.056283273,0.48700044,0
260,-0.6688273,-0.104158714,-0.059582695,-0.025034925,-0.22196488,0.1192231,0.0022207103,0.045299117,0.2199806,-0.009874564,-0.103313185,-0.077881135,-0.0005732309,0.010521126,0.04017409,0.011995619,0.30631498,0
550,0.015999112,0.10568141,0.18818504,-0.12545736,-0.2957842,-0.057271503,0.0010888772,-0.0021687886,-0.5161355,0.015706208,-0.61384106,-0.09211138,-0.14117499,-0.08611,0.057783216,-0.00894765,0.17506222,0
302,-0.12789786,0.08282634,0.013266187,0.00667853,-0.27815214,-0.049064968,0.022247212,0.015580894,-0.4155069,-0.008927391,-0.08422794,-0.124622084,0.38877383,-0.08605501,0.087124325,0.087064356,0.3854449,1
431,-0.099479504,-0.09252567,0.13615316,-0.10704973,-0.7728579,0.028208781,-0.08863716,0.029132685,-0.41469473,-0.03708775,-0.36487156,-0.06799168,-0.11946614,-0.08502021,-0.071679994,-0.06838175,0.100484155,1
110,0.27159408,0.15353449,0.024419993,-0.01519454,-0.07922565,-0.087150626,8.108094e-05,-0.05411886,0.06829591,0.010703414,0.29114744,0.12005141,-0.07415908,0.040592536,0.013936153,-0.02325752,0.6605267,1
82,0.2176039,-0.08917812,-0.09102623,-0.11768665,-0.5665338,-0.060741108,-0.112830386,0.07034426,-0.55409306,-0.058677644,-0.5021521,-0.008810229,0.276979,-0.16339652,-0.004301096,-0.025568536,0.14360364,0
51,0.0568312,-0.21860723,-0.12448979,-0.037297495,-0.106298566,-0.065312885,0.006096495,-0.05060103,0.23022409,0.0034253756,-0.07159417,0.121076874,-0.086087614,0.054887816,0.02550278,-0.1918283,0.38943684,1
679,-0.59092164,-0.16594715,-0.0726712,0.15174784,0.5695462,0.073273726,0.0010267743,0.017660577,0.22438762,0.0044903676,0.21145406,-0.17958516,0.1560705,0.027380625,0.013595619,0.09345225,0.6316619,1
576,0.21253787,-0.14574814,-0.2691338,0.0028888816,-0.56070846,0.07269769,0.020362213,-0.013655618,-0.32760334,-0.0470789,-0.2613198,-0.10528153,-0.14577977,-0.06341836,-0.027276792,-0.011279907,0.15903772,1
589,-0.25380227,0.10787997,0.015390256,-0.3124871,-0.3568854,0.049920507,0.009858305,-0.11148225,-0.5947246,0.0037858426,0.20348771,0.034630414,0.23649757,-0.07195038,-0.027692437,-0.033142634,0.25042933,1
281,-0.43662834,0.12754808,-0.022444656,-0.015865183,-0.11484747,-0.115758575,-0.05164877,0.052319665,0.15258056,0.0030792588,-0.12150192,-0.111910656,0.027661279,0.033049796,-0.0035250476,0.05877743,0.36941624,0
257,0.37939662,0.2082428,0.12675044,-0.019961137,0.08410806,0.07321865,-0.05715938,-0.1689056,0.19741695,-0.0122509515,-0.41301575,-0.06860296,-0.10203033,0.059447814,0.020157078,-0.005072172,0.5759409,1
639,0.39043057,0.16858174,-0.029987877,-0.013284191,-0.24665008,-0.05537485,-0.0013705003,-0.07543783,0.12096554,0.0016149462,-0.19961151,-0.06825767,-0.03042869,0.056881163,-0.0017938898,0.13973908,0.54001623,1
318,0.03219848,0.09752718,0.04813116,-0.17012954,-0.70999044,-0.03995869,-0.08989349,0.055562917,0.23894145,0.01989068,-0.34038648,-0.17369159,-0.1153828,-0.05668804,0.00222096,-0.18198168,0.20113158,0
18,0.15684995,-0.073117875,0.019610154,0.18076096,0.8140769,0.08906221,0.0020548818,0.028352309,0.27136514,0.0012043023,0.3785107,-0.1438893,-0.043719888,0.045081303,0.04801641,0.016369576,0.8575369,1
244,-0.8500258,-0.10413974,-0.29256505,-0.016291762,0.25791,0.118709534,-0.11387636,-0.0038487664,0.30553043,0.010698354,0.030703109,-0.048671905,0.20546247,0.04389114,-0.023018327,0.0029063737,0.3840875,1
394,-0.4870898,0.10055284,-0.07384184,0.021928327,-0.15228264,-0.021035103,-0.05017796,-0.06495643,0.14513765,0.003247777,-0.4862017,-0.079277776,-0.071214505,0.05583724,-0.009579385,-0.062110018,0.22676468,1
603,0.34681314,0.114849,-0.042613614,0.23345195,0.92884797,0.034882277,-0.0069120424,-0.025354663,0.3675349,0.017132014,0.21140553,0.029250955,-0.022456158,0.05936373,0.021559492,0.0020262375,0.9067153,1
499,-0.70886487,0.10288082,-0.11038614,0.006130637,-0.16732854,-0.122979395,-0.0020696756,-0.026138715,0.22416069,-0.0128940595,0.37420714,0.03446371,0.015796386,0.07834718,0.031824153,-0.028691268,0.4238106,0
61,-0.08718248,-0.15513907,-0.1625072,0.16931187,0.59808487,0.06712128,-0.0008970881,-0.036100067,0.29766065,0.013151667,0.2961451,0.010205713,0.15335341,0.034334283,0.026423104,0.11363373,0.7928175,1
182,0.41728535,-0.060577877,0.034533527,0.12087117,0.7343541,0.055487156,0.000988055,0.042213827,0.2787528,0.017421363,0.56725943,0.15212178,-0.14791895,0.016354559,0.05918275,-0.037450682,0.9051042,1
506,0.15163267,0.14954677,0.12500332,0.011456503,-0.08759186,0.10751303,0.014353408,0.08590838,-0.27380097,-0.020820351,0.07025826,-0.025750093,-0.062156804,-0.022135438,-0.17872727,0.051919583,0.52522886,0
29,-0.47609398,-0.13019909,0.10089669,0.00012098119,-0.15669708,-0.039873384,0.001476943,-0.094477765,-0.39759603,-0.033893168,-0.48386508,-0.029769253,0.02301513,-0.035621993,0.019564966,-0.026154382,0.14744607,0
204,0.19651568,0.09764921,-0.022892294,0.14748123,0.6874212,0.07326612,-0.0018025555,0.031005474,0.24376771,0.011199765,-0.49991754,-0.12963338,0.053265467,0.042056322,0.010393682,0.039297156,0.7277953,1
701,-0.08115739,0.262357,-0.14127243,0.20143285,0.5700073,0.051192354,-0.003786805,0.020593334,0.20259519,0.011941179,-0.28570607,-0.13737015,-0.028883005,0.018702924,0.04875482,0.1292186,0.6990992,1
265,-0.032006323,-0.07141269,0.2178718,-0.110582076,-0.5967346,-0.034013588,-0.120772615,0.08393664,-0.34286493,0.008560574,-0.7233857,-0.11117005,0.25594598,-0.07020698,-0.028577017,-0.0077347504,0.15726058,0
356,0.21541959,0.12074156,0.14108808,-0.010292518,0.042595774,-0.09852615,0.005002866,0.1313228,0.25676736,0.0025109793,0.25174868,0.025271578,-0.050159667,0.029557811,0.028314773,0.026615718,0.7544284,0
469,0.15206847,0.16864286,-0.19539084,-0.035786666,0.03723363,0.06144029,0.0026267406,-0.040423438,0.31774917,-0.0031012765,0.0873644,0.096941896,-0.17299107,0.04986374,-0.011496291,0.047465447,0.6379782,1
667,0.3025161,-0.10115949,-0.017904159,-0.2022984,-0.49320558,-0.06714008,-0.004935488,-0.06585641,0.13317902,-0.004814154,0.056364123,0.11903239,-0.14121011,0.12659223,0.02432235,-0.07835193,0.39879766,0
449,-0.56324977,0.17475978,-0.04163409,0.1246214,0.49780768,0.084691435,-0.0064008697,0.02503576,0.15750515,0.016123058,-0.081822336,-0.045990564,-0.089027576,-0.001816598,0.032482162,0.21338257,0.62266135,0
432,0.39614853,-0.10894373,0.1638857,-0.0037778849,0.17378668,0.019103669,0.011408809,0.110729255,0.290589,0.014348843,-0.1264711,0.18908718,0.015063152,-0.039915714,0.037343264,0.023909967,0.76326936,1
619,0.5408824,-0.20532213,-0.08739287,0.22542255,0.62835944,0.0003523496,-0.002149405,0.03344812,0.14924003,0.015684672,-0.54948133,0.0877697,-0.13698359,0.00507419,0.05221127,-0.16573285,0.64468896,1
256,0.08644276,0.08660488,0.02963843,0.07768798,0.4801019,0.09460425,-0.0021916244,0.010361493,0.23881069,0.008683277,-0.42019495,-0.05803752,0.06616301,0.008549421,0.021042429,-0.01609516,0.67184985,1
353,-0.44979978,-0.1361845,-0.10728659,-0.017578097,-0.26560336,0.05899454,0.0067158462,-0.13094498,0.2583795,0.0025673606,-0.17735362,0.09457101,-0.1361509,0.06101239,0.023811443,0.124177665,0.31296805,0
439,0.2823319,0.079547495,-0.004349054,-0.0027139075,-0.06905072,-0.104164235,0.0049847015,0.09469462,0.0726576,0.0054370426,-0.20206703,0.032200616,-0.09835905,0.026061432,0.007752347,-0.078163594,0.51279527,0
176,0.4121123,0.1364455,-0.13363531,0.10389408,0.67116046,0.067343995,-0.0035486724,0.029936582,0.23275477,0.0063401395,0.5653457,-0.11968619,-0.057386953,0.022521684,0.047297597,0.14618345,0.8939245,1
239,-0.40747425,0.1904869,-0.14410241,-0.067973316,-0.21263751,-0.07992358,0.0005579414,-0.08981061,0.23981258,0.008370028,0.03361038,0.16548276,-0.09364765,0.023501098,-0.0012881567,0.15759882,0.4321598,0
426,0.2820021,0.13081887,-0.0016249039,0.0025212602,-0.06865507,0.02457004,-0.05767081,-0.06325018,0.3757195,0.008878926,-0.41236663,0.13945255,-0.06992974,0.037619244,0.01806275,-0.038301475,0.5774316,0
137,-0.07708755,0.08398317,0.051876634,-0.07392076,-0.28885376,-0.12179733,-0.0014374312,0.04943907,-0.31525218,-0.0022757011,-0.075687476,-0.011119683,-0.046489846,-0.02959547,0.05903639,-0.097793914,0.290577,0
196,0.1485793,-0.13252297,-0.19752233,0.007628754,-0.06599634,-0.07156937,0.04303901,0.15487726,0.23903488,0.02508835,-0.2928854,0.12498445,-0.16528574,-0.017374735,0.028424818,-0.07053317,0.44086778,1
674,-0.058323096,-0.10351529,0.1921571,-0.025951892,-0.38740137,0.091416635,0.020197215,0.1401164,-0.37839878,-0.011710485,0.21365811,-0.052190885,0.2290778,-0.015971556,0.0065289373,-0.012812899,0.46288544,0
163,0.24907322,-0.09916072,0.17598224,-0.029722046,-0.14408007,0.046644364,0.015914802,-0.051755093,-0.34734315,-0.005264738,-0.60203516,-0.0905911,0.10814219,-0.03740518,-0.06978914,-0.07779001,0.2779229,1
355,-0.5895249,0.12426258,0.1369727,-0.21431682,-0.40757638,0.034130774,0.0028387778,0.027416147,-0.66282344,0.008345326,-0.037295606,-0.09297876,0.31125817,-0.06290834,0.02662436,-0.058550723,0.1900425,0
631,0.27947423,-0.14615896,-0.13662288,-0.13460399,-0.6500918,-0.07416133,-0.11110987,0.086996555,0.22957212,-0.00015683705,-0.0049150977,0.15541567,-0.12548961,0.111608,0.009419412,-0.04602321,0.36529487,0
470,0.20413285,-0.14476413,-0.05508932,0.014537783,-0.5778533,-0.16369773,0.0066291015,-0.035713673,-0.3633963,0.012138402,-0.58967453,0.034364987,-0.17442322,0.0057748025,-0.009674568,0.013515384,0.13957772,0
